{"accuracy": [0.6021765470504761, 0.8586812615394592, 0.9126253724098206, 0.9404793977737427, 0.9546909332275391], "loss": [1.350206971168518, 0.4451633095741272, 0.26855310797691345, 0.1820293813943863, 0.13860265910625458], "val_accuracy": [0.8350785374641418, 0.9116776585578918, 0.9379125833511353, 0.9403027296066284, 0.9567493796348572], "val_loss": [0.5262091159820557, 0.2636500298976898, 0.19214823842048645, 0.18447715044021606, 0.1344570815563202]}