{"accuracy": [0.6011523008346558, 0.8649832606315613, 0.9151148796081543, 0.9411764740943909, 0.9553310871124268], "loss": [1.3483768701553345, 0.4267556369304657, 0.2641769349575043, 0.1813812106847763, 0.13740086555480957], "val_accuracy": [0.8271682262420654, 0.9174254536628723, 0.9394491314888, 0.945026159286499, 0.9533917307853699], "val_loss": [0.5406585335731506, 0.264512300491333, 0.19086311757564545, 0.17660214006900787, 0.14851899445056915]}